{
  "england-and-wales": {
    "division": "england-and-wales",
    "events": [
      {
        "title": "New Year’s Day",
        "date": "2019-01-01",
        "notes": "",
        "bunting": true,
        "formattedDate": "Tuesday 01 January 2019"
      },
      {
        "title": "Good Friday",
        "date": "2019-04-19",
        "notes": "",
        "bunting": false,
        "formattedDate": "Friday 19 April 2019"
      },
      {
        "title": "Easter Monday",
        "date": "2019-04-22",
        "notes": "",
        "bunting": true,
        "formattedDate": "Monday 22 April 2019"
      },
      {
        "title": "Early May bank holiday",
        "date": "2019-05-06",
        "notes": "",
        "bunting": true,
        "formattedDate": "Monday 06 May 2019"
      },
      {
        "title": "Spring bank holiday",
        "date": "2019-05-27",
        "notes": "",
        "bunting": true,
        "formattedDate": "Monday 27 May 2019"
      },
      {
        "title": "Summer bank holiday",
        "date": "2019-08-26",
        "notes": "",
        "bunting": true,
        "formattedDate": "Monday 26 August 2019"
      },
      {
        "title": "Christmas Day",
        "date": "2019-12-25",
        "notes": "",
        "bunting": true,
        "formattedDate": "Wednesday 25 December 2019"
      },
      {
        "title": "Boxing Day",
        "date": "2019-12-26",
        "notes": "",
        "bunting": true,
        "formattedDate": "Thursday 26 December 2019"
      },
      {
        "title": "New Year’s Day",
        "date": "2020-01-01",
        "notes": "",
        "bunting": true,
        "formattedDate": "Wednesday 01 January 2020"
      },
      {
        "title": "Good Friday",
        "date": "2020-04-10",
        "notes": "",
        "bunting": false,
        "formattedDate": "Friday 10 April 2020"
      },
      {
        "title": "Easter Monday",
        "date": "2020-04-13",
        "notes": "",
        "bunting": false,
        "formattedDate": "Monday 13 April 2020"
      },
      {
        "title": "Early May bank holiday (VE day)",
        "date": "2020-05-08",
        "notes": "",
        "bunting": true,
        "formattedDate": "Friday 08 May 2020"
      },
      {
        "title": "Spring bank holiday",
        "date": "2020-05-25",
        "notes": "",
        "bunting": true,
        "formattedDate": "Monday 25 May 2020"
      },
      {
        "title": "Summer bank holiday",
        "date": "2020-08-31",
        "notes": "",
        "bunting": true,
        "formattedDate": "Monday 31 August 2020"
      },
      {
        "title": "Christmas Day",
        "date": "2020-12-25",
        "notes": "",
        "bunting": true,
        "formattedDate": "Friday 25 December 2020"
      },
      {
        "title": "Boxing Day",
        "date": "2020-12-28",
        "notes": "Substitute day",
        "bunting": true,
        "formattedDate": "Monday 28 December 2020"
      },
      {
        "title": "New Year’s Day",
        "date": "2021-01-01",
        "notes": "",
        "bunting": true,
        "formattedDate": "Friday 01 January 2021"
      },
      {
        "title": "Good Friday",
        "date": "2021-04-02",
        "notes": "",
        "bunting": false,
        "formattedDate": "Friday 02 April 2021"
      },
      {
        "title": "Easter Monday",
        "date": "2021-04-05",
        "notes": "",
        "bunting": true,
        "formattedDate": "Monday 05 April 2021"
      },
      {
        "title": "Early May bank holiday",
        "date": "2021-05-03",
        "notes": "",
        "bunting": true,
        "formattedDate": "Monday 03 May 2021"
      },
      {
        "title": "Spring bank holiday",
        "date": "2021-05-31",
        "notes": "",
        "bunting": true,
        "formattedDate": "Monday 31 May 2021"
      },
      {
        "title": "Summer bank holiday",
        "date": "2021-08-30",
        "notes": "",
        "bunting": true,
        "formattedDate": "Monday 30 August 2021"
      },
      {
        "title": "Christmas Day",
        "date": "2021-12-27",
        "notes": "Substitute day",
        "bunting": true,
        "formattedDate": "Monday 27 December 2021"
      },
      {
        "title": "Boxing Day",
        "date": "2021-12-28",
        "notes": "Substitute day",
        "bunting": true,
        "formattedDate": "Tuesday 28 December 2021"
      },
      {
        "title": "New Year’s Day",
        "date": "2022-01-03",
        "notes": "Substitute day",
        "bunting": true,
        "formattedDate": "Monday 03 January 2022"
      },
      {
        "title": "Good Friday",
        "date": "2022-04-15",
        "notes": "",
        "bunting": false,
        "formattedDate": "Friday 15 April 2022"
      },
      {
        "title": "Easter Monday",
        "date": "2022-04-18",
        "notes": "",
        "bunting": true,
        "formattedDate": "Monday 18 April 2022"
      },
      {
        "title": "Early May bank holiday",
        "date": "2022-05-02",
        "notes": "",
        "bunting": true,
        "formattedDate": "Monday 02 May 2022"
      },
      {
        "title": "Spring bank holiday",
        "date": "2022-06-02",
        "notes": "",
        "bunting": true,
        "formattedDate": "Thursday 02 June 2022"
      },
      {
        "title": "Platinum Jubilee bank holiday",
        "date": "2022-06-03",
        "notes": "",
        "bunting": true,
        "formattedDate": "Friday 03 June 2022"
      },
      {
        "title": "Summer bank holiday",
        "date": "2022-08-29",
        "notes": "",
        "bunting": true,
        "formattedDate": "Monday 29 August 2022"
      },
      {
        "title": "Bank Holiday for the State Funeral of Queen Elizabeth II",
        "date": "2022-09-19",
        "notes": "",
        "bunting": false,
        "formattedDate": "Monday 19 September 2022"
      },
      {
        "title": "Boxing Day",
        "date": "2022-12-26",
        "notes": "",
        "bunting": true,
        "formattedDate": "Monday 26 December 2022"
      },
      {
        "title": "Christmas Day",
        "date": "2022-12-27",
        "notes": "Substitute day",
        "bunting": true,
        "formattedDate": "Tuesday 27 December 2022"
      },
      {
        "title": "New Year’s Day",
        "date": "2023-01-02",
        "notes": "Substitute day",
        "bunting": true,
        "formattedDate": "Monday 02 January 2023"
      },
      {
        "title": "Good Friday",
        "date": "2023-04-07",
        "notes": "",
        "bunting": false,
        "formattedDate": "Friday 07 April 2023"
      },
      {
        "title": "Easter Monday",
        "date": "2023-04-10",
        "notes": "",
        "bunting": true,
        "formattedDate": "Monday 10 April 2023"
      },
      {
        "title": "Early May bank holiday",
        "date": "2023-05-01",
        "notes": "",
        "bunting": true,
        "formattedDate": "Monday 01 May 2023"
      },
      {
        "title": "Bank holiday for the coronation of King Charles III",
        "date": "2023-05-08",
        "notes": "",
        "bunting": true,
        "formattedDate": "Monday 08 May 2023"
      },
      {
        "title": "Spring bank holiday",
        "date": "2023-05-29",
        "notes": "",
        "bunting": true,
        "formattedDate": "Monday 29 May 2023"
      },
      {
        "title": "Summer bank holiday",
        "date": "2023-08-28",
        "notes": "",
        "bunting": true,
        "formattedDate": "Monday 28 August 2023"
      },
      {
        "title": "Christmas Day",
        "date": "2023-12-25",
        "notes": "",
        "bunting": true,
        "formattedDate": "Monday 25 December 2023"
      },
      {
        "title": "Boxing Day",
        "date": "2023-12-26",
        "notes": "",
        "bunting": true,
        "formattedDate": "Tuesday 26 December 2023"
      },
      {
        "title": "New Year’s Day",
        "date": "2024-01-01",
        "notes": "",
        "bunting": true,
        "formattedDate": "Monday 01 January 2024"
      },
      {
        "title": "Good Friday",
        "date": "2024-03-29",
        "notes": "",
        "bunting": false,
        "formattedDate": "Friday 29 March 2024"
      },
      {
        "title": "Easter Monday",
        "date": "2024-04-01",
        "notes": "",
        "bunting": true,
        "formattedDate": "Monday 01 April 2024"
      },
      {
        "title": "Early May bank holiday",
        "date": "2024-05-06",
        "notes": "",
        "bunting": true,
        "formattedDate": "Monday 06 May 2024"
      },
      {
        "title": "Spring bank holiday",
        "date": "2024-05-27",
        "notes": "",
        "bunting": true,
        "formattedDate": "Monday 27 May 2024"
      },
      {
        "title": "Summer bank holiday",
        "date": "2024-08-26",
        "notes": "",
        "bunting": true,
        "formattedDate": "Monday 26 August 2024"
      },
      {
        "title": "Christmas Day",
        "date": "2024-12-25",
        "notes": "",
        "bunting": true,
        "formattedDate": "Wednesday 25 December 2024"
      },
      {
        "title": "Boxing Day",
        "date": "2024-12-26",
        "notes": "",
        "bunting": true,
        "formattedDate": "Thursday 26 December 2024"
      },
      {
        "title": "New Year’s Day",
        "date": "2025-01-01",
        "notes": "",
        "bunting": true,
        "formattedDate": "Wednesday 01 January 2025"
      },
      {
        "title": "Good Friday",
        "date": "2025-04-18",
        "notes": "",
        "bunting": false,
        "formattedDate": "Friday 18 April 2025"
      },
      {
        "title": "Easter Monday",
        "date": "2025-04-21",
        "notes": "",
        "bunting": true,
        "formattedDate": "Monday 21 April 2025"
      },
      {
        "title": "Early May bank holiday",
        "date": "2025-05-05",
        "notes": "",
        "bunting": true,
        "formattedDate": "Monday 05 May 2025"
      },
      {
        "title": "Spring bank holiday",
        "date": "2025-05-26",
        "notes": "",
        "bunting": true,
        "formattedDate": "Monday 26 May 2025"
      },
      {
        "title": "Summer bank holiday",
        "date": "2025-08-25",
        "notes": "",
        "bunting": true,
        "formattedDate": "Monday 25 August 2025"
      },
      {
        "title": "Christmas Day",
        "date": "2025-12-25",
        "notes": "",
        "bunting": true,
        "formattedDate": "Thursday 25 December 2025"
      },
      {
        "title": "Boxing Day",
        "date": "2025-12-26",
        "notes": "",
        "bunting": true,
        "formattedDate": "Friday 26 December 2025"
      },
      {
        "title": "New Year’s Day",
        "date": "2026-01-01",
        "notes": "",
        "bunting": true,
        "formattedDate": "Thursday 01 January 2026"
      },
      {
        "title": "Good Friday",
        "date": "2026-04-03",
        "notes": "",
        "bunting": false,
        "formattedDate": "Friday 03 April 2026"
      },
      {
        "title": "Easter Monday",
        "date": "2026-04-06",
        "notes": "",
        "bunting": true,
        "formattedDate": "Monday 06 April 2026"
      },
      {
        "title": "Early May bank holiday",
        "date": "2026-05-04",
        "notes": "",
        "bunting": true,
        "formattedDate": "Monday 04 May 2026"
      },
      {
        "title": "Spring bank holiday",
        "date": "2026-05-25",
        "notes": "",
        "bunting": true,
        "formattedDate": "Monday 25 May 2026"
      },
      {
        "title": "Summer bank holiday",
        "date": "2026-08-31",
        "notes": "",
        "bunting": true,
        "formattedDate": "Monday 31 August 2026"
      },
      {
        "title": "Christmas Day",
        "date": "2026-12-25",
        "notes": "",
        "bunting": true,
        "formattedDate": "Friday 25 December 2026"
      },
      {
        "title": "Boxing Day",
        "date": "2026-12-28",
        "notes": "Substitute day",
        "bunting": true,
        "formattedDate": "Monday 28 December 2026"
      },
      {
        "title": "New Year’s Day",
        "date": "2027-01-01",
        "notes": "",
        "bunting": true,
        "formattedDate": "Friday 01 January 2027"
      },
      {
        "title": "Good Friday",
        "date": "2027-03-26",
        "notes": "",
        "bunting": false,
        "formattedDate": "Friday 26 March 2027"
      },
      {
        "title": "Easter Monday",
        "date": "2027-03-29",
        "notes": "",
        "bunting": true,
        "formattedDate": "Monday 29 March 2027"
      },
      {
        "title": "Early May bank holiday",
        "date": "2027-05-03",
        "notes": "",
        "bunting": true,
        "formattedDate": "Monday 03 May 2027"
      },
      {
        "title": "Spring bank holiday",
        "date": "2027-05-31",
        "notes": "",
        "bunting": true,
        "formattedDate": "Monday 31 May 2027"
      },
      {
        "title": "Summer bank holiday",
        "date": "2027-08-30",
        "notes": "",
        "bunting": true,
        "formattedDate": "Monday 30 August 2027"
      },
      {
        "title": "Christmas Day",
        "date": "2027-12-27",
        "notes": "Substitute day",
        "bunting": true,
        "formattedDate": "Monday 27 December 2027"
      },
      {
        "title": "Boxing Day",
        "date": "2027-12-28",
        "notes": "Substitute day",
        "bunting": true,
        "formattedDate": "Tuesday 28 December 2027"
      }
    ]
  },
  "scotland": {
    "division": "scotland",
    "events": [
      {
        "title": "New Year’s Day",
        "date": "2019-01-01",
        "notes": "",
        "bunting": true,
        "formattedDate": "Tuesday 01 January 2019"
      },
      {
        "title": "2nd January",
        "date": "2019-01-02",
        "notes": "",
        "bunting": true,
        "formattedDate": "Wednesday 02 January 2019"
      },
      {
        "title": "Good Friday",
        "date": "2019-04-19",
        "notes": "",
        "bunting": false,
        "formattedDate": "Friday 19 April 2019"
      },
      {
        "title": "Early May bank holiday",
        "date": "2019-05-06",
        "notes": "",
        "bunting": true,
        "formattedDate": "Monday 06 May 2019"
      },
      {
        "title": "Spring bank holiday",
        "date": "2019-05-27",
        "notes": "",
        "bunting": true,
        "formattedDate": "Monday 27 May 2019"
      },
      {
        "title": "Summer bank holiday",
        "date": "2019-08-05",
        "notes": "",
        "bunting": true,
        "formattedDate": "Monday 05 August 2019"
      },
      {
        "title": "St Andrew’s Day",
        "date": "2019-12-02",
        "notes": "Substitute day",
        "bunting": true,
        "formattedDate": "Monday 02 December 2019"
      },
      {
        "title": "Christmas Day",
        "date": "2019-12-25",
        "notes": "",
        "bunting": true,
        "formattedDate": "Wednesday 25 December 2019"
      },
      {
        "title": "Boxing Day",
        "date": "2019-12-26",
        "notes": "",
        "bunting": true,
        "formattedDate": "Thursday 26 December 2019"
      },
      {
        "title": "New Year’s Day",
        "date": "2020-01-01",
        "notes": "",
        "bunting": true,
        "formattedDate": "Wednesday 01 January 2020"
      },
      {
        "title": "2nd January",
        "date": "2020-01-02",
        "notes": "",
        "bunting": true,
        "formattedDate": "Thursday 02 January 2020"
      },
      {
        "title": "Good Friday",
        "date": "2020-04-10",
        "notes": "",
        "bunting": false,
        "formattedDate": "Friday 10 April 2020"
      },
      {
        "title": "Early May bank holiday (VE day)",
        "date": "2020-05-08",
        "notes": "",
        "bunting": true,
        "formattedDate": "Friday 08 May 2020"
      },
      {
        "title": "Spring bank holiday",
        "date": "2020-05-25",
        "notes": "",
        "bunting": true,
        "formattedDate": "Monday 25 May 2020"
      },
      {
        "title": "Summer bank holiday",
        "date": "2020-08-03",
        "notes": "",
        "bunting": true,
        "formattedDate": "Monday 03 August 2020"
      },
      {
        "title": "St Andrew’s Day",
        "date": "2020-11-30",
        "notes": "",
        "bunting": true,
        "formattedDate": "Monday 30 November 2020"
      },
      {
        "title": "Christmas Day",
        "date": "2020-12-25",
        "notes": "",
        "bunting": true,
        "formattedDate": "Friday 25 December 2020"
      },
      {
        "title": "Boxing Day",
        "date": "2020-12-28",
        "notes": "Substitute day",
        "bunting": true,
        "formattedDate": "Monday 28 December 2020"
      },
      {
        "title": "New Year’s Day",
        "date": "2021-01-01",
        "notes": "",
        "bunting": true,
        "formattedDate": "Friday 01 January 2021"
      },
      {
        "title": "2nd January",
        "date": "2021-01-04",
        "notes": "Substitute day",
        "bunting": true,
        "formattedDate": "Monday 04 January 2021"
      },
      {
        "title": "Good Friday",
        "date": "2021-04-02",
        "notes": "",
        "bunting": false,
        "formattedDate": "Friday 02 April 2021"
      },
      {
        "title": "Early May bank holiday",
        "date": "2021-05-03",
        "notes": "",
        "bunting": true,
        "formattedDate": "Monday 03 May 2021"
      },
      {
        "title": "Spring bank holiday",
        "date": "2021-05-31",
        "notes": "",
        "bunting": true,
        "formattedDate": "Monday 31 May 2021"
      },
      {
        "title": "Summer bank holiday",
        "date": "2021-08-02",
        "notes": "",
        "bunting": true,
        "formattedDate": "Monday 02 August 2021"
      },
      {
        "title": "St Andrew’s Day",
        "date": "2021-11-30",
        "notes": "",
        "bunting": true,
        "formattedDate": "Tuesday 30 November 2021"
      },
      {
        "title": "Christmas Day",
        "date": "2021-12-27",
        "notes": "Substitute day",
        "bunting": true,
        "formattedDate": "Monday 27 December 2021"
      },
      {
        "title": "Boxing Day",
        "date": "2021-12-28",
        "notes": "Substitute day",
        "bunting": true,
        "formattedDate": "Tuesday 28 December 2021"
      },
      {
        "title": "New Year’s Day",
        "date": "2022-01-03",
        "notes": "Substitute day",
        "bunting": true,
        "formattedDate": "Monday 03 January 2022"
      },
      {
        "title": "2nd January",
        "date": "2022-01-04",
        "notes": "Substitute day",
        "bunting": true,
        "formattedDate": "Tuesday 04 January 2022"
      },
      {
        "title": "Good Friday",
        "date": "2022-04-15",
        "notes": "",
        "bunting": false,
        "formattedDate": "Friday 15 April 2022"
      },
      {
        "title": "Early May bank holiday",
        "date": "2022-05-02",
        "notes": "",
        "bunting": true,
        "formattedDate": "Monday 02 May 2022"
      },
      {
        "title": "Spring bank holiday",
        "date": "2022-06-02",
        "notes": "",
        "bunting": true,
        "formattedDate": "Thursday 02 June 2022"
      },
      {
        "title": "Platinum Jubilee bank holiday",
        "date": "2022-06-03",
        "notes": "",
        "bunting": true,
        "formattedDate": "Friday 03 June 2022"
      },
      {
        "title": "Summer bank holiday",
        "date": "2022-08-01",
        "notes": "",
        "bunting": true,
        "formattedDate": "Monday 01 August 2022"
      },
      {
        "title": "Bank Holiday for the State Funeral of Queen Elizabeth II",
        "date": "2022-09-19",
        "notes": "",
        "bunting": false,
        "formattedDate": "Monday 19 September 2022"
      },
      {
        "title": "St Andrew’s Day",
        "date": "2022-11-30",
        "notes": "",
        "bunting": true,
        "formattedDate": "Wednesday 30 November 2022"
      },
      {
        "title": "Boxing Day",
        "date": "2022-12-26",
        "notes": "",
        "bunting": true,
        "formattedDate": "Monday 26 December 2022"
      },
      {
        "title": "Christmas Day",
        "date": "2022-12-27",
        "notes": "Substitute day",
        "bunting": true,
        "formattedDate": "Tuesday 27 December 2022"
      },
      {
        "title": "New Year’s Day",
        "date": "2023-01-02",
        "notes": "Substitute day",
        "bunting": true,
        "formattedDate": "Monday 02 January 2023"
      },
      {
        "title": "2nd January",
        "date": "2023-01-03",
        "notes": "Substitute day",
        "bunting": true,
        "formattedDate": "Tuesday 03 January 2023"
      },
      {
        "title": "Good Friday",
        "date": "2023-04-07",
        "notes": "",
        "bunting": false,
        "formattedDate": "Friday 07 April 2023"
      },
      {
        "title": "Early May bank holiday",
        "date": "2023-05-01",
        "notes": "",
        "bunting": true,
        "formattedDate": "Monday 01 May 2023"
      },
      {
        "title": "Bank holiday for the coronation of King Charles III",
        "date": "2023-05-08",
        "notes": "",
        "bunting": true,
        "formattedDate": "Monday 08 May 2023"
      },
      {
        "title": "Spring bank holiday",
        "date": "2023-05-29",
        "notes": "",
        "bunting": true,
        "formattedDate": "Monday 29 May 2023"
      },
      {
        "title": "Summer bank holiday",
        "date": "2023-08-07",
        "notes": "",
        "bunting": true,
        "formattedDate": "Monday 07 August 2023"
      },
      {
        "title": "St Andrew’s Day",
        "date": "2023-11-30",
        "notes": "",
        "bunting": true,
        "formattedDate": "Thursday 30 November 2023"
      },
      {
        "title": "Christmas Day",
        "date": "2023-12-25",
        "notes": "",
        "bunting": true,
        "formattedDate": "Monday 25 December 2023"
      },
      {
        "title": "Boxing Day",
        "date": "2023-12-26",
        "notes": "",
        "bunting": true,
        "formattedDate": "Tuesday 26 December 2023"
      },
      {
        "title": "New Year’s Day",
        "date": "2024-01-01",
        "notes": "",
        "bunting": true,
        "formattedDate": "Monday 01 January 2024"
      },
      {
        "title": "2nd January",
        "date": "2024-01-02",
        "notes": "",
        "bunting": true,
        "formattedDate": "Tuesday 02 January 2024"
      },
      {
        "title": "Good Friday",
        "date": "2024-03-29",
        "notes": "",
        "bunting": false,
        "formattedDate": "Friday 29 March 2024"
      },
      {
        "title": "Early May bank holiday",
        "date": "2024-05-06",
        "notes": "",
        "bunting": true,
        "formattedDate": "Monday 06 May 2024"
      },
      {
        "title": "Spring bank holiday",
        "date": "2024-05-27",
        "notes": "",
        "bunting": true,
        "formattedDate": "Monday 27 May 2024"
      },
      {
        "title": "Summer bank holiday",
        "date": "2024-08-05",
        "notes": "",
        "bunting": true,
        "formattedDate": "Monday 05 August 2024"
      },
      {
        "title": "St Andrew’s Day",
        "date": "2024-12-02",
        "notes": "Substitute day",
        "bunting": true,
        "formattedDate": "Monday 02 December 2024"
      },
      {
        "title": "Christmas Day",
        "date": "2024-12-25",
        "notes": "",
        "bunting": true,
        "formattedDate": "Wednesday 25 December 2024"
      },
      {
        "title": "Boxing Day",
        "date": "2024-12-26",
        "notes": "",
        "bunting": true,
        "formattedDate": "Thursday 26 December 2024"
      },
      {
        "title": "New Year’s Day",
        "date": "2025-01-01",
        "notes": "",
        "bunting": true,
        "formattedDate": "Wednesday 01 January 2025"
      },
      {
        "title": "2nd January",
        "date": "2025-01-02",
        "notes": "",
        "bunting": true,
        "formattedDate": "Thursday 02 January 2025"
      },
      {
        "title": "Good Friday",
        "date": "2025-04-18",
        "notes": "",
        "bunting": false,
        "formattedDate": "Friday 18 April 2025"
      },
      {
        "title": "Early May bank holiday",
        "date": "2025-05-05",
        "notes": "",
        "bunting": true,
        "formattedDate": "Monday 05 May 2025"
      },
      {
        "title": "Spring bank holiday",
        "date": "2025-05-26",
        "notes": "",
        "bunting": true,
        "formattedDate": "Monday 26 May 2025"
      },
      {
        "title": "Summer bank holiday",
        "date": "2025-08-04",
        "notes": "",
        "bunting": true,
        "formattedDate": "Monday 04 August 2025"
      },
      {
        "title": "St Andrew’s Day",
        "date": "2025-12-01",
        "notes": "Substitute day",
        "bunting": true,
        "formattedDate": "Monday 01 December 2025"
      },
      {
        "title": "Christmas Day",
        "date": "2025-12-25",
        "notes": "",
        "bunting": true,
        "formattedDate": "Thursday 25 December 2025"
      },
      {
        "title": "Boxing Day",
        "date": "2025-12-26",
        "notes": "",
        "bunting": true,
        "formattedDate": "Friday 26 December 2025"
      },
      {
        "title": "New Year’s Day",
        "date": "2026-01-01",
        "notes": "",
        "bunting": true,
        "formattedDate": "Thursday 01 January 2026"
      },
      {
        "title": "2nd January",
        "date": "2026-01-02",
        "notes": "",
        "bunting": true,
        "formattedDate": "Friday 02 January 2026"
      },
      {
        "title": "Good Friday",
        "date": "2026-04-03",
        "notes": "",
        "bunting": false,
        "formattedDate": "Friday 03 April 2026"
      },
      {
        "title": "Early May bank holiday",
        "date": "2026-05-04",
        "notes": "",
        "bunting": true,
        "formattedDate": "Monday 04 May 2026"
      },
      {
        "title": "Spring bank holiday",
        "date": "2026-05-25",
        "notes": "",
        "bunting": true,
        "formattedDate": "Monday 25 May 2026"
      },
      {
        "title": "Summer bank holiday",
        "date": "2026-08-03",
        "notes": "",
        "bunting": true,
        "formattedDate": "Monday 03 August 2026"
      },
      {
        "title": "St Andrew’s Day",
        "date": "2026-11-30",
        "notes": "",
        "bunting": true,
        "formattedDate": "Monday 30 November 2026"
      },
      {
        "title": "Christmas Day",
        "date": "2026-12-25",
        "notes": "",
        "bunting": true,
        "formattedDate": "Friday 25 December 2026"
      },
      {
        "title": "Boxing Day",
        "date": "2026-12-28",
        "notes": "Substitute day",
        "bunting": true,
        "formattedDate": "Monday 28 December 2026"
      },
      {
        "title": "New Year’s Day",
        "date": "2027-01-01",
        "notes": "",
        "bunting": true,
        "formattedDate": "Friday 01 January 2027"
      },
      {
        "title": "2nd January",
        "date": "2027-01-04",
        "notes": "Substitute day",
        "bunting": true,
        "formattedDate": "Monday 04 January 2027"
      },
      {
        "title": "Good Friday",
        "date": "2027-03-26",
        "notes": "",
        "bunting": false,
        "formattedDate": "Friday 26 March 2027"
      },
      {
        "title": "Early May bank holiday",
        "date": "2027-05-03",
        "notes": "",
        "bunting": true,
        "formattedDate": "Monday 03 May 2027"
      },
      {
        "title": "Spring bank holiday",
        "date": "2027-05-31",
        "notes": "",
        "bunting": true,
        "formattedDate": "Monday 31 May 2027"
      },
      {
        "title": "Summer bank holiday",
        "date": "2027-08-02",
        "notes": "",
        "bunting": true,
        "formattedDate": "Monday 02 August 2027"
      },
      {
        "title": "St Andrew’s Day",
        "date": "2027-11-30",
        "notes": "",
        "bunting": true,
        "formattedDate": "Tuesday 30 November 2027"
      },
      {
        "title": "Christmas Day",
        "date": "2027-12-27",
        "notes": "Substitute day",
        "bunting": true,
        "formattedDate": "Monday 27 December 2027"
      },
      {
        "title": "Boxing Day",
        "date": "2027-12-28",
        "notes": "Substitute day",
        "bunting": true,
        "formattedDate": "Tuesday 28 December 2027"
      }
    ]
  },
  "northern-ireland": {
    "division": "northern-ireland",
    "events": [
      {
        "title": "New Year’s Day",
        "date": "2019-01-01",
        "notes": "",
        "bunting": true,
        "formattedDate": "Tuesday 01 January 2019"
      },
      {
        "title": "St Patrick’s Day",
        "date": "2019-03-18",
        "notes": "Substitute day",
        "bunting": true,
        "formattedDate": "Monday 18 March 2019"
      },
      {
        "title": "Good Friday",
        "date": "2019-04-19",
        "notes": "",
        "bunting": false,
        "formattedDate": "Friday 19 April 2019"
      },
      {
        "title": "Easter Monday",
        "date": "2019-04-22",
        "notes": "",
        "bunting": true,
        "formattedDate": "Monday 22 April 2019"
      },
      {
        "title": "Early May bank holiday",
        "date": "2019-05-06",
        "notes": "",
        "bunting": true,
        "formattedDate": "Monday 06 May 2019"
      },
      {
        "title": "Spring bank holiday",
        "date": "2019-05-27",
        "notes": "",
        "bunting": true,
        "formattedDate": "Monday 27 May 2019"
      },
      {
        "title": "Battle of the Boyne (Orangemen’s Day)",
        "date": "2019-07-12",
        "notes": "",
        "bunting": false,
        "formattedDate": "Friday 12 July 2019"
      },
      {
        "title": "Summer bank holiday",
        "date": "2019-08-26",
        "notes": "",
        "bunting": true,
        "formattedDate": "Monday 26 August 2019"
      },
      {
        "title": "Christmas Day",
        "date": "2019-12-25",
        "notes": "",
        "bunting": true,
        "formattedDate": "Wednesday 25 December 2019"
      },
      {
        "title": "Boxing Day",
        "date": "2019-12-26",
        "notes": "",
        "bunting": true,
        "formattedDate": "Thursday 26 December 2019"
      },
      {
        "title": "New Year’s Day",
        "date": "2020-01-01",
        "notes": "",
        "bunting": true,
        "formattedDate": "Wednesday 01 January 2020"
      },
      {
        "title": "St Patrick’s Day",
        "date": "2020-03-17",
        "notes": "",
        "bunting": true,
        "formattedDate": "Tuesday 17 March 2020"
      },
      {
        "title": "Good Friday",
        "date": "2020-04-10",
        "notes": "",
        "bunting": false,
        "formattedDate": "Friday 10 April 2020"
      },
      {
        "title": "Easter Monday",
        "date": "2020-04-13",
        "notes": "",
        "bunting": false,
        "formattedDate": "Monday 13 April 2020"
      },
      {
        "title": "Early May bank holiday (VE day)",
        "date": "2020-05-08",
        "notes": "",
        "bunting": true,
        "formattedDate": "Friday 08 May 2020"
      },
      {
        "title": "Spring bank holiday",
        "date": "2020-05-25",
        "notes": "",
        "bunting": true,
        "formattedDate": "Monday 25 May 2020"
      },
      {
        "title": "Battle of the Boyne (Orangemen’s Day)",
        "date": "2020-07-13",
        "notes": "Substitute day",
        "bunting": false,
        "formattedDate": "Monday 13 July 2020"
      },
      {
        "title": "Summer bank holiday",
        "date": "2020-08-31",
        "notes": "",
        "bunting": true,
        "formattedDate": "Monday 31 August 2020"
      },
      {
        "title": "Christmas Day",
        "date": "2020-12-25",
        "notes": "",
        "bunting": true,
        "formattedDate": "Friday 25 December 2020"
      },
      {
        "title": "Boxing Day",
        "date": "2020-12-28",
        "notes": "Substitute day",
        "bunting": true,
        "formattedDate": "Monday 28 December 2020"
      },
      {
        "title": "New Year’s Day",
        "date": "2021-01-01",
        "notes": "",
        "bunting": true,
        "formattedDate": "Friday 01 January 2021"
      },
      {
        "title": "St Patrick’s Day",
        "date": "2021-03-17",
        "notes": "",
        "bunting": true,
        "formattedDate": "Wednesday 17 March 2021"
      },
      {
        "title": "Good Friday",
        "date": "2021-04-02",
        "notes": "",
        "bunting": false,
        "formattedDate": "Friday 02 April 2021"
      },
      {
        "title": "Easter Monday",
        "date": "2021-04-05",
        "notes": "",
        "bunting": true,
        "formattedDate": "Monday 05 April 2021"
      },
      {
        "title": "Early May bank holiday",
        "date": "2021-05-03",
        "notes": "",
        "bunting": true,
        "formattedDate": "Monday 03 May 2021"
      },
      {
        "title": "Spring bank holiday",
        "date": "2021-05-31",
        "notes": "",
        "bunting": true,
        "formattedDate": "Monday 31 May 2021"
      },
      {
        "title": "Battle of the Boyne (Orangemen’s Day)",
        "date": "2021-07-12",
        "notes": "",
        "bunting": false,
        "formattedDate": "Monday 12 July 2021"
      },
      {
        "title": "Summer bank holiday",
        "date": "2021-08-30",
        "notes": "",
        "bunting": true,
        "formattedDate": "Monday 30 August 2021"
      },
      {
        "title": "Christmas Day",
        "date": "2021-12-27",
        "notes": "Substitute day",
        "bunting": true,
        "formattedDate": "Monday 27 December 2021"
      },
      {
        "title": "Boxing Day",
        "date": "2021-12-28",
        "notes": "Substitute day",
        "bunting": true,
        "formattedDate": "Tuesday 28 December 2021"
      },
      {
        "title": "New Year’s Day",
        "date": "2022-01-03",
        "notes": "Substitute day",
        "bunting": true,
        "formattedDate": "Monday 03 January 2022"
      },
      {
        "title": "St Patrick’s Day",
        "date": "2022-03-17",
        "notes": "",
        "bunting": true,
        "formattedDate": "Thursday 17 March 2022"
      },
      {
        "title": "Good Friday",
        "date": "2022-04-15",
        "notes": "",
        "bunting": false,
        "formattedDate": "Friday 15 April 2022"
      },
      {
        "title": "Easter Monday",
        "date": "2022-04-18",
        "notes": "",
        "bunting": true,
        "formattedDate": "Monday 18 April 2022"
      },
      {
        "title": "Early May bank holiday",
        "date": "2022-05-02",
        "notes": "",
        "bunting": true,
        "formattedDate": "Monday 02 May 2022"
      },
      {
        "title": "Spring bank holiday",
        "date": "2022-06-02",
        "notes": "",
        "bunting": true,
        "formattedDate": "Thursday 02 June 2022"
      },
      {
        "title": "Platinum Jubilee bank holiday",
        "date": "2022-06-03",
        "notes": "",
        "bunting": true,
        "formattedDate": "Friday 03 June 2022"
      },
      {
        "title": "Battle of the Boyne (Orangemen’s Day)",
        "date": "2022-07-12",
        "notes": "",
        "bunting": false,
        "formattedDate": "Tuesday 12 July 2022"
      },
      {
        "title": "Summer bank holiday",
        "date": "2022-08-29",
        "notes": "",
        "bunting": true,
        "formattedDate": "Monday 29 August 2022"
      },
      {
        "title": "Bank Holiday for the State Funeral of Queen Elizabeth II",
        "date": "2022-09-19",
        "notes": "",
        "bunting": false,
        "formattedDate": "Monday 19 September 2022"
      },
      {
        "title": "Boxing Day",
        "date": "2022-12-26",
        "notes": "",
        "bunting": true,
        "formattedDate": "Monday 26 December 2022"
      },
      {
        "title": "Christmas Day",
        "date": "2022-12-27",
        "notes": "Substitute day",
        "bunting": true,
        "formattedDate": "Tuesday 27 December 2022"
      },
      {
        "title": "New Year’s Day",
        "date": "2023-01-02",
        "notes": "Substitute day",
        "bunting": true,
        "formattedDate": "Monday 02 January 2023"
      },
      {
        "title": "St Patrick’s Day",
        "date": "2023-03-17",
        "notes": "",
        "bunting": true,
        "formattedDate": "Friday 17 March 2023"
      },
      {
        "title": "Good Friday",
        "date": "2023-04-07",
        "notes": "",
        "bunting": false,
        "formattedDate": "Friday 07 April 2023"
      },
      {
        "title": "Easter Monday",
        "date": "2023-04-10",
        "notes": "",
        "bunting": true,
        "formattedDate": "Monday 10 April 2023"
      },
      {
        "title": "Early May bank holiday",
        "date": "2023-05-01",
        "notes": "",
        "bunting": true,
        "formattedDate": "Monday 01 May 2023"
      },
      {
        "title": "Bank holiday for the coronation of King Charles III",
        "date": "2023-05-08",
        "notes": "",
        "bunting": true,
        "formattedDate": "Monday 08 May 2023"
      },
      {
        "title": "Spring bank holiday",
        "date": "2023-05-29",
        "notes": "",
        "bunting": true,
        "formattedDate": "Monday 29 May 2023"
      },
      {
        "title": "Battle of the Boyne (Orangemen’s Day)",
        "date": "2023-07-12",
        "notes": "",
        "bunting": false,
        "formattedDate": "Wednesday 12 July 2023"
      },
      {
        "title": "Summer bank holiday",
        "date": "2023-08-28",
        "notes": "",
        "bunting": true,
        "formattedDate": "Monday 28 August 2023"
      },
      {
        "title": "Christmas Day",
        "date": "2023-12-25",
        "notes": "",
        "bunting": true,
        "formattedDate": "Monday 25 December 2023"
      },
      {
        "title": "Boxing Day",
        "date": "2023-12-26",
        "notes": "",
        "bunting": true,
        "formattedDate": "Tuesday 26 December 2023"
      },
      {
        "title": "New Year’s Day",
        "date": "2024-01-01",
        "notes": "",
        "bunting": true,
        "formattedDate": "Monday 01 January 2024"
      },
      {
        "title": "St Patrick’s Day",
        "date": "2024-03-18",
        "notes": "Substitute day",
        "bunting": true,
        "formattedDate": "Monday 18 March 2024"
      },
      {
        "title": "Good Friday",
        "date": "2024-03-29",
        "notes": "",
        "bunting": false,
        "formattedDate": "Friday 29 March 2024"
      },
      {
        "title": "Easter Monday",
        "date": "2024-04-01",
        "notes": "",
        "bunting": true,
        "formattedDate": "Monday 01 April 2024"
      },
      {
        "title": "Early May bank holiday",
        "date": "2024-05-06",
        "notes": "",
        "bunting": true,
        "formattedDate": "Monday 06 May 2024"
      },
      {
        "title": "Spring bank holiday",
        "date": "2024-05-27",
        "notes": "",
        "bunting": true,
        "formattedDate": "Monday 27 May 2024"
      },
      {
        "title": "Battle of the Boyne (Orangemen’s Day)",
        "date": "2024-07-12",
        "notes": "",
        "bunting": false,
        "formattedDate": "Friday 12 July 2024"
      },
      {
        "title": "Summer bank holiday",
        "date": "2024-08-26",
        "notes": "",
        "bunting": true,
        "formattedDate": "Monday 26 August 2024"
      },
      {
        "title": "Christmas Day",
        "date": "2024-12-25",
        "notes": "",
        "bunting": true,
        "formattedDate": "Wednesday 25 December 2024"
      },
      {
        "title": "Boxing Day",
        "date": "2024-12-26",
        "notes": "",
        "bunting": true,
        "formattedDate": "Thursday 26 December 2024"
      },
      {
        "title": "New Year’s Day",
        "date": "2025-01-01",
        "notes": "",
        "bunting": true,
        "formattedDate": "Wednesday 01 January 2025"
      },
      {
        "title": "St Patrick’s Day",
        "date": "2025-03-17",
        "notes": "",
        "bunting": true,
        "formattedDate": "Monday 17 March 2025"
      },
      {
        "title": "Good Friday",
        "date": "2025-04-18",
        "notes": "",
        "bunting": false,
        "formattedDate": "Friday 18 April 2025"
      },
      {
        "title": "Easter Monday",
        "date": "2025-04-21",
        "notes": "",
        "bunting": true,
        "formattedDate": "Monday 21 April 2025"
      },
      {
        "title": "Early May bank holiday",
        "date": "2025-05-05",
        "notes": "",
        "bunting": true,
        "formattedDate": "Monday 05 May 2025"
      },
      {
        "title": "Spring bank holiday",
        "date": "2025-05-26",
        "notes": "",
        "bunting": true,
        "formattedDate": "Monday 26 May 2025"
      },
      {
        "title": "Battle of the Boyne (Orangemen’s Day)",
        "date": "2025-07-14",
        "notes": "Substitute day",
        "bunting": false,
        "formattedDate": "Monday 14 July 2025"
      },
      {
        "title": "Summer bank holiday",
        "date": "2025-08-25",
        "notes": "",
        "bunting": true,
        "formattedDate": "Monday 25 August 2025"
      },
      {
        "title": "Christmas Day",
        "date": "2025-12-25",
        "notes": "",
        "bunting": true,
        "formattedDate": "Thursday 25 December 2025"
      },
      {
        "title": "Boxing Day",
        "date": "2025-12-26",
        "notes": "",
        "bunting": true,
        "formattedDate": "Friday 26 December 2025"
      },
      {
        "title": "New Year’s Day",
        "date": "2026-01-01",
        "notes": "",
        "bunting": true,
        "formattedDate": "Thursday 01 January 2026"
      },
      {
        "title": "St Patrick’s Day",
        "date": "2026-03-17",
        "notes": "",
        "bunting": true,
        "formattedDate": "Tuesday 17 March 2026"
      },
      {
        "title": "Good Friday",
        "date": "2026-04-03",
        "notes": "",
        "bunting": false,
        "formattedDate": "Friday 03 April 2026"
      },
      {
        "title": "Easter Monday",
        "date": "2026-04-06",
        "notes": "",
        "bunting": true,
        "formattedDate": "Monday 06 April 2026"
      },
      {
        "title": "Early May bank holiday",
        "date": "2026-05-04",
        "notes": "",
        "bunting": true,
        "formattedDate": "Monday 04 May 2026"
      },
      {
        "title": "Spring bank holiday",
        "date": "2026-05-25",
        "notes": "",
        "bunting": true,
        "formattedDate": "Monday 25 May 2026"
      },
      {
        "title": "Battle of the Boyne (Orangemen’s Day)",
        "date": "2026-07-13",
        "notes": "Substitute day",
        "bunting": false,
        "formattedDate": "Monday 13 July 2026"
      },
      {
        "title": "Summer bank holiday",
        "date": "2026-08-31",
        "notes": "",
        "bunting": true,
        "formattedDate": "Monday 31 August 2026"
      },
      {
        "title": "Christmas Day",
        "date": "2026-12-25",
        "notes": "",
        "bunting": true,
        "formattedDate": "Friday 25 December 2026"
      },
      {
        "title": "Boxing Day",
        "date": "2026-12-28",
        "notes": "Substitute day",
        "bunting": true,
        "formattedDate": "Monday 28 December 2026"
      },
      {
        "title": "New Year’s Day",
        "date": "2027-01-01",
        "notes": "",
        "bunting": true,
        "formattedDate": "Friday 01 January 2027"
      },
      {
        "title": "St Patrick’s Day",
        "date": "2027-03-17",
        "notes": "",
        "bunting": true,
        "formattedDate": "Wednesday 17 March 2027"
      },
      {
        "title": "Good Friday",
        "date": "2027-03-26",
        "notes": "",
        "bunting": false,
        "formattedDate": "Friday 26 March 2027"
      },
      {
        "title": "Easter Monday",
        "date": "2027-03-29",
        "notes": "",
        "bunting": true,
        "formattedDate": "Monday 29 March 2027"
      },
      {
        "title": "Early May bank holiday",
        "date": "2027-05-03",
        "notes": "",
        "bunting": true,
        "formattedDate": "Monday 03 May 2027"
      },
      {
        "title": "Spring bank holiday",
        "date": "2027-05-31",
        "notes": "",
        "bunting": true,
        "formattedDate": "Monday 31 May 2027"
      },
      {
        "title": "Battle of the Boyne (Orangemen’s Day)",
        "date": "2027-07-12",
        "notes": "",
        "bunting": false,
        "formattedDate": "Monday 12 July 2027"
      },
      {
        "title": "Summer bank holiday",
        "date": "2027-08-30",
        "notes": "",
        "bunting": true,
        "formattedDate": "Monday 30 August 2027"
      },
      {
        "title": "Christmas Day",
        "date": "2027-12-27",
        "notes": "Substitute day",
        "bunting": true,
        "formattedDate": "Monday 27 December 2027"
      },
      {
        "title": "Boxing Day",
        "date": "2027-12-28",
        "notes": "Substitute day",
        "bunting": true,
        "formattedDate": "Tuesday 28 December 2027"
      }
    ]
  },
  "additionalExclusionDates": [
    {
      "date": "2019-12-27",
      "title": "Excluded Day",
      "formattedDate": "Friday 27 December 2019"
    },
    {
      "date": "2019-12-30",
      "title": "Excluded Day",
      "formattedDate": "Monday 30 December 2019"
    },
    {
      "date": "2019-12-31",
      "title": "Excluded Day",
      "formattedDate": "Tuesday 31 December 2019"
    },
    {
      "date": "2020-12-29",
      "title": "Excluded Day",
      "formattedDate": "Tuesday 29 December 2020"
    },
    {
      "date": "2020-12-30",
      "title": "Excluded Day",
      "formattedDate": "Wednesday 30 December 2020"
    },
    {
      "date": "2020-12-31",
      "title": "Excluded Day",
      "formattedDate": "Thursday 31 December 2020"
    },
    {
      "date": "2021-12-29",
      "title": "Excluded Day",
      "formattedDate": "Wednesday 29 December 2021"
    },
    {
      "date": "2021-12-30",
      "title": "Excluded Day",
      "formattedDate": "Thursday 30 December 2021"
    },
    {
      "date": "2021-12-31",
      "title": "Excluded Day",
      "formattedDate": "Friday 31 December 2021"
    },
    {
      "date": "2022-12-28",
      "title": "Excluded Day",
      "formattedDate": "Wednesday 28 December 2022"
    },
    {
      "date": "2022-12-29",
      "title": "Excluded Day",
      "formattedDate": "Thursday 29 December 2022"
    },
    {
      "date": "2022-12-30",
      "title": "Excluded Day",
      "formattedDate": "Friday 30 December 2022"
    },
    {
      "date": "2023-12-27",
      "title": "Excluded Day",
      "formattedDate": "Wednesday 27 December 2023"
    },
    {
      "date": "2023-12-28",
      "title": "Excluded Day",
      "formattedDate": "Thursday 28 December 2023"
    },
    {
      "date": "2023-12-29",
      "title": "Excluded Day",
      "formattedDate": "Friday 29 December 2023"
    },
    {
      "date": "2024-12-27",
      "title": "Excluded Day",
      "formattedDate": "Friday 27 December 2024"
    },
    {
      "date": "2024-12-30",
      "title": "Excluded Day",
      "formattedDate": "Monday 30 December 2024"
    },
    {
      "date": "2024-12-31",
      "title": "Excluded Day",
      "formattedDate": "Tuesday 31 December 2024"
    },
    {
      "date": "2025-12-29",
      "title": "Excluded Day",
      "formattedDate": "Monday 29 December 2025"
    },
    {
      "date": "2025-12-30",
      "title": "Excluded Day",
      "formattedDate": "Tuesday 30 December 2025"
    },
    {
      "date": "2025-12-31",
      "title": "Excluded Day",
      "formattedDate": "Wednesday 31 December 2025"
    },
    {
      "date": "2026-12-29",
      "title": "Excluded Day",
      "formattedDate": "Tuesday 29 December 2026"
    },
    {
      "date": "2026-12-30",
      "title": "Excluded Day",
      "formattedDate": "Wednesday 30 December 2026"
    },
    {
      "date": "2026-12-31",
      "title": "Excluded Day",
      "formattedDate": "Thursday 31 December 2026"
    },
    {
      "date": "2027-12-29",
      "title": "Excluded Day",
      "formattedDate": "Wednesday 29 December 2027"
    },
    {
      "date": "2027-12-30",
      "title": "Excluded Day",
      "formattedDate": "Thursday 30 December 2027"
    },
    {
      "date": "2027-12-31",
      "title": "Excluded Day",
      "formattedDate": "Friday 31 December 2027"
    }
  ]
}
